original_filename,cleaned_filename,current_artist,current_title,queries,search_result_count,artist,title,confidence,score,status,lyrics_status,supporting_sources,correctness
Imagine Dragons - Warriors (Lyrics).mp3,Imagine Dragons - Warriors,Imagine Dragons,Warriors,"""Imagine Dragons Warriors"" | ""Imagine Dragons - Warriors"" song",15,,,Low,0,Review,Not checked,,Unverified
K-On!! - U&I [Full English Sub].mp3,K-On!! - U&I [Full English Sub],平泽唯,U&I,"""平泽唯 U&I"" | ""K-On!! - U&I [Full English Sub]"" song",16,,,Low,0,Review,Not checked,,Unverified
Kesha - TiK ToK (Lyrics).mp3,Kesha - TiK ToK,Kesha,TiK ToK,"""Kesha TiK ToK""",8,Kesha,TiK ToK,High,85,Lyrics Not Found,Not Found,genius.com | youtube.com,Unverified
KeyKey - 當想你成為習慣『一個人說著晚安，失了魂丟了期盼。』【動態歌詞Lyrics】.mp3,KeyKey - 當想你成為習慣『一個人說著晚安，失了魂丟了期盼。』【動態歌詞Lyrics】,KeyKey,當想你成為習慣,"""KeyKey 當想你成為習慣"" | ""KeyKey - 當想你成為習慣『一個人說著晚安，失了魂丟了期盼。』【動態歌詞Lyrics】"" song",13,,,Low,0,Review,Not checked,,Unverified
LEGENDS NEVER DIE _ LYRICS _ LEAGUE OF LEGENDS.mp3,LEGENDS NEVER DIE _ LYRICS _ LEAGUE OF LEGENDS,LEAGUE OF LEGENDS (ft. Against The Current),LEGENDS NEVER DIE,"""LEAGUE OF LEGENDS (ft. Against The Current) LEGENDS NEVER DIE"" | ""LEGENDS NEVER DIE _ LYRICS _ LEAGUE OF LEGENDS"" song",8,,,Low,0,Review,Not checked,,Unverified
Lil Nas X - MONTERO (Call Me By Your Name) (Lyrics).mp3,Lil Nas X - MONTERO (Call Me By Your Name),Lil Nas X,MONTERO,"""Lil Nas X MONTERO"" | ""Lil Nas X - MONTERO (Call Me By Your Name)"" song",14,,,Low,0,Review,Not checked,,Unverified
Lizm Ladyhao - 紙短情長『我的故事都是關於你呀。』【動態歌詞Lyrics】.mp3,Lizm Ladyhao - 紙短情長『我的故事都是關於你呀。』【動態歌詞Lyrics】,Lizm Ladyhao,紙短情長,"""Lizm Ladyhao 紙短情長"" | ""Lizm Ladyhao - 紙短情長『我的故事都是關於你呀。』【動態歌詞Lyrics】"" song",15,,,Low,0,Review,Not checked,,Unverified
Neoni & burnboy - Champion.mp3,Neoni & burnboy - Champion,Neoni & burnboy,Champion,"""Neoni & burnboy Champion""",8,Neoni x burnboy,Champion,High,85,Lyrics Not Found,Not Found,genius.com | youtube.com,Unverified
Ngây Thơ - Tăng Duy Tân x Phong Max  _ Phong Max remix _.mp3,Ngây Thơ - Tăng Duy Tân x Phong Max _ Phong Max remix,Tăng Duy Tân x Phong Max,Ngây Thơ,"""Tăng Duy Tân x Phong Max Ngây Thơ"" | ""Ngây Thơ - Tăng Duy Tân x Phong Max _ Phong Max remix"" song",6,,,Low,0,Review,Not checked,,Unverified
tomp3.cc - The Chainsmokers  Who Do You Love Lyric Video ft 5 Seconds of Summer.mp3,The Chainsmokers Who Do You Love Lyric Video ft 5 Seconds of Summer,,,"""The Chainsmokers Who Do You Love Lyric Video ft 5 Seconds of Summer"" | ""The Chainsmokers Who Do You Love Lyric Video ft 5 Seconds of Summer"" song",9,,,Low,0,Review,Not checked,,Unverified
tomp3.cc - The Chainsmokers ILLENIUM  Takeaway Official Video ft Lennon Stella.mp3,The Chainsmokers ILLENIUM Takeaway Official Video ft Lennon Stella,,,"""The Chainsmokers ILLENIUM Takeaway Official Video ft Lennon Stella"" | ""The Chainsmokers ILLENIUM Takeaway Official Video ft Lennon Stella"" song",12,The Chainsmokers & ILLENIUM Ft. Lennon Stella,Takeaway,Low,50,Review,Not Found,discogs.com,Unverified
tomp3.cc - 媽媽的話  Zyboy忠宇這一次我告別故鄉踏上我的流浪無知和久違的理想像期待在前方動態歌詞.mp3,媽媽的話 Zyboy忠宇這一次我告別故鄉踏上我的流浪無知和久違的理想像期待在前方動態歌詞,,,"""媽媽的話 Zyboy忠宇這一次我告別故鄉踏上我的流浪無知和久違的理想像期待在前方動態歌詞"" | ""媽媽的話 Zyboy忠宇這一次我告別故鄉踏上我的流浪無知和久違的理想像期待在前方動態歌詞"" song",1,,,Low,0,Review,Not checked,,Unverified
tomp3.cc - 是你  夢然是你 是你 身後的青春都是你 繪成了我的山川流溪動態歌詞PinyinLyrics.mp3,是你 夢然是你 是你 身後的青春都是你 繪成了我的山川流溪動態歌詞PinyinLyrics,,,"""是你 夢然是你 是你 身後的青春都是你 繪成了我的山川流溪動態歌詞PinyinLyrics"" | ""是你 夢然是你 是你 身後的青春都是你 繪成了我的山川流溪動態歌詞PinyinLyrics"" song",0,,,Low,0,Review,Not checked,,Unverified
tomp3.cc - 王靖雯  玫瑰少年哪朵玫瑰沒有荊棘 最好的 報復是 美麗 最美的 盛開是 反擊動態歌詞PinyinLyrics.mp3,王靖雯 玫瑰少年哪朵玫瑰沒有荊棘 最好的 報復是 美麗 最美的 盛開是 反擊動態歌詞PinyinLyrics,,,"""王靖雯 玫瑰少年哪朵玫瑰沒有荊棘 最好的 報復是 美麗 最美的 盛開是 反擊動態歌詞PinyinLyrics"" | ""王靖雯 玫瑰少年哪朵玫瑰沒有荊棘 最好的 報復是 美麗 最美的 盛開是 反擊動態歌詞PinyinLyrics"" song",10,,,Low,0,Review,Not checked,,Unverified
【呪術廻戦】呪術廻戦 ×「廻廻奇譚」-MAD-AMV-【Jujutsu Kaisen】_256k.mp3,【呪術廻戦】呪術廻戦 ×「廻廻奇譚」-MAD-AMV-【Jujutsu Kaisen】_256k,【呪術廻戦】呪術廻戦 ×「廻廻奇譚」,MAD/AMV-【Jujutsu Kaisen】,"""【呪術廻戦】呪術廻戦 ×「廻廻奇譚」 MAD/AMV-【Jujutsu Kaisen】"" | ""【呪術廻戦】呪術廻戦 ×「廻廻奇譚」-MAD-AMV-【Jujutsu Kaisen】_256k"" song",0,,,Low,0,Review,Not checked,,Unverified
